user_name,Post_title,Post_containt,timestamp,image_url
pytest init,text only data,text only data,"Apr 08, 2023 02:15 PM",NOT_AVAILABLE
pytest init,private post 2,something,"Apr 08, 2023 01:55 PM",cc29dd6b7a9423a010e1191f8a79b311.jpg
pytest init,private post details,Recommended section,"Apr 08, 2023 01:55 PM",1993895a54f081a1a2d0d2ee3feef224.jpg
pytest init,private post,cute private,"Apr 08, 2023 10:19 AM",ef016f01210f7312143ee042bdf044b0.jpg
pytest init,creating one random post,this time private,"Apr 08, 2023 10:16 AM",NOT_AVAILABLE
pytest init,creating one random post,this time private,"Apr 08, 2023 10:14 AM",58503008671f790ccb9f9f52c8c33bf2.jpg
pytest init,ab aur nhi,samaj gya na,"Mar 28, 2023 11:45 PM",NOT_AVAILABLE
pytest init,final demo,ab aur bugs nhi,"Mar 28, 2023 11:43 PM",NOT_AVAILABLE
pytest init,last demo ,ok ,"Mar 28, 2023 11:40 PM",f1deae1c523ec4acbe18c32c1b86789f.png
pytest init,What i can write here,Ok now we switched to main body,"Mar 28, 2023 11:35 PM",1030841cf06164d816016860a21905c6.png
pytest init,creating one more post for display,ooook,"Mar 28, 2023 11:32 PM",67dc4e2d7ab1e13db7279bf70c184fbe.png
pytest init,creating one more post for display,ooook,"Mar 28, 2023 11:31 PM",9fe63631ad8ffdc529ced21977115233.png
pytest init,creating one more post for display,ooook,"Mar 28, 2023 11:29 PM",5f11d635f3445bbf26e6f8dba9266192.png
pytest init,this time we are creating the latest post again,But i guess I am not updating latest post,"Mar 28, 2023 11:25 PM",ab2335ff68a9c48059b405d90a66c323.png
pytest init,mod test,jai jai shiv Shankar,"Mar 28, 2023 11:22 PM",4916fc2221f2882fa1a534e83a3e977a.png
pytest init,test post without image,this time we have private post,"Mar 28, 2023 12:13 AM",NOT_AVAILABLE
pytest init,Test Post 3,Test something <br> ok <br><strong> safe html tags are working</strong>,"Mar 27, 2023 11:57 PM",e1008047a13e51251024ea3be5d232eb.png
pytest init,Something test,okk so here we go,"Mar 27, 2023 11:10 PM",22c1b1b0173403746045dddbd54edadb.png
pytest init,kesariya,teri fikra me,"Mar 27, 2023 10:04 PM",4ed565d46cab83ace30907956a69163d.png
